timestamp,price
1577750400,129.16
1577836800,130.77
1577923200,127.19
1578009600,134.35
1578096000,134.2
1578182400,135.37
1578268800,144.15
1578355200,142.8
1578441600,140.72
1578528000,137.74
1578614400,144.84
1578700800,142.38
1578787200,146.54
1578873600,143.58
1578960000,165.64
1579046400,166.4
1579132800,164.21
1579219200,169.85
1579305600,174.14
1579392000,166.79
1579478400,166.87
1579564800,169.49
1579651200,168.07
1579737600,162.81
1579824000,162.54
1579910400,160.35
1579996800,167.86
1580083200,170.08
1580169600,175.64
1580256000,173.72
1580342400,184.69
1580428800,179.99
1580515200,183.6
1580601600,188.44
1580688000,189.69
1580774400,188.91
1580860800,203.78
1580947200,213.19
1581033600,223.33
1581120000,223.05
1581206400,228.49
1581292800,222.89
1581379200,236.69
1581465600,265.74
1581552000,268.32
1581638400,285.15
1581724800,264.88
1581811200,258.85
1581897600,267.85
1581984000,282.61
1582070400,258.45
1582156800,256.96
1582243200,265.27
1582329600,261.57
1582416000,274.48
1582502400,265.52
1582588800,246.67
1582675200,223.93
1582761600,227.79
1582848000,226.76
1582934400,217.21
1583020800,217.81
1583107200,231.97
1583193600,223.91
1583280000,224.26
1583366400,228.38
1583452800,244.88
1583539200,237.23
1583625600,199.43
1583712000,202.81
1583798400,200.7
1583884800,194.61
1583971200,107.82
1584057600,134.06
1584144000,122.54
1584230400,123.78
1584316800,111.02
1584403200,115.67
1584489600,118.11
1584576000,136.3
1584662400,133.48
1584748800,132.66
1584835200,122.32
1584921600,135.92
1585008000,138.42
1585094400,136.1
1585180800,138.4
1585267200,131.33
1585353600,130.98
1585440000,124.5
1585526400,132.06
1585612800,132.72
1585699200,135.69
1585785600,141.28
1585872000,141.31
1585958400,144.1
1586044800,142.68
1586131200,171.32
1586217600,164.63
1586304000,173.11
1586390400,169.52
1586476800,157.81
1586563200,158.33
1586649600,158.59
1586736000,156.29
1586822400,158.45
1586908800,152.73
1586995200,172.29
1587081600,170.69
1587168000,187.4
1587254400,180.03
1587340800,170.2
1587427200,170.74
1587513600,182.7
1587600000,185.51
1587686400,187.59
1587772800,194.21
1587859200,197.38
1587945600,196.34
1588032000,196.24
1588118400,215.36
1588204800,206.08
1588291200,212.02
1588377600,213.9
1588464000,209.86
1588550400,206.48
1588636800,205.29
1588723200,198.97
1588809600,212.0
1588896000,211.31
1588982400,210.07
1589068800,187.54
1589155200,185.73
1589241600,189.76
1589328000,199.58
1589414400,203.29
1589500800,194.86
1589587200,200.45
1589673600,207.0
1589760000,214.91
1589846400,214.58
1589932800,209.98
1590019200,198.74
1590105600,207.36
1590192000,206.6
1590278400,199.9
1590364800,204.15
1590451200,200.89
1590537600,208.29
1590624000,220.21
1590710400,220.67
1590796800,243.66
1590883200,231.57
1590969600,248.23
1591056000,237.71
1591142400,244.52
1591228800,243.21
1591315200,240.03
1591401600,241.94
1591488000,244.56
1591574400,246.4
1591660800,243.8
1591747200,247.78
1591833600,230.51
1591920000,237.55
1592006400,238.11
1592092800,231.77
1592179200,230.86
1592265600,235.3
1592352000,233.82
1592438400,231.27
1592524800,229.0
1592611200,228.89
1592697600,228.04
1592784000,243.13
1592870400,243.14
1592956800,234.58
1593043200,232.5
1593129600,229.64
1593216000,220.94
1593302400,224.93
1593388800,227.93
1593475200,225.6
1593561600,230.99
1593648000,226.46
1593734400,224.87
1593820800,229.17
1593907200,227.56
1593993600,241.6
1594080000,239.39
1594166400,246.95
1594252800,241.98
1594339200,241.26
1594425600,239.19
1594512000,242.79
1594598400,239.5
1594684800,240.44
1594771200,238.61
1594857600,233.57
1594944000,232.67
1595030400,235.67
1595116800,239.11
1595203200,236.01
1595289600,245.59
1595376000,263.74
1595462400,275.3
1595548800,279.15
1595635200,305.26
1595721600,311.0
1595808000,321.93
1595894400,316.77
1595980800,317.71
1596067200,334.87
1596153600,346.33
1596240000,387.0
1596326400,372.42
1596412800,385.94
1596499200,389.61
1596585600,400.72
1596672000,394.77
1596758400,379.34
1596844800,397.03
1596931200,390.14
1597017600,395.44
1597104000,379.0
1597190400,387.18
1597276800,424.54
1597363200,438.11
1597449600,432.32
1597536000,433.62
1597622400,430.89
1597708800,421.95
1597795200,407.46
1597881600,415.94
1597968000,387.97
1598054400,395.24
1598140800,390.71
1598227200,407.68
1598313600,382.93
1598400000,385.81
1598486400,383.27
1598572800,395.11
1598659200,398.65
1598745600,428.94
1598832000,433.79
1598918400,475.4
1599004800,439.5
1599091200,381.4
1599177600,385.26
1599264000,335.01
1599350400,352.8
1599436800,353.59
1599523200,337.39
1599609600,350.85
1599696000,367.93
1599782400,373.63
1599868800,387.78
1599955200,366.42
1600041600,377.12
1600128000,364.06
1600214400,365.11
1600300800,389.36
1600387200,384.39
1600473600,385.25
1600560000,371.04
1600646400,340.36
1600732800,344.21
1600819200,320.72
1600905600,348.97
1600992000,351.92
1601078400,353.92
1601164800,357.49
1601251200,353.96
1601337600,359.79
1601424000,359.83
1601510400,352.85
1601596800,345.6
1601683200,345.95
1601769600,352.37
1601856000,353.62
1601942400,340.75
1602028800,341.58
1602115200,350.95
1602201600,365.02
1602288000,370.52
1602374400,374.16
1602460800,386.51
1602547200,381.04
1602633600,378.69
1602720000,377.64
1602806400,365.5
1602892800,368.32
1602979200,378.11
1603065600,379.3
1603152000,368.52
1603238400,390.38
1603324800,413.98
1603411200,409.11
1603497600,412.14
1603584000,405.86
1603670400,392.52
1603756800,403.45
1603843200,388.23
1603929600,387.13
1604016000,382.49
1604102400,386.46
1604188800,396.67
1604275200,383.02
1604361600,387.88
1604448000,402.49
1604534400,416.69
1604620800,455.91
1604707200,435.21
1604793600,454.3
1604880000,444.32
1604966400,450.34
1605052800,463.09
1605139200,462.39
1605225600,476.43
1605312000,460.89
1605398400,448.08
1605484800,460.55
1605571200,482.15
1605657600,478.41
1605744000,471.25
1605830400,510.12
1605916800,552.35
1606003200,560.03
1606089600,608.58
1606176000,604.97
1606262400,569.5
1606348800,519.83
1606435200,518.68
1606521600,537.52
1606608000,576.3
1606694400,616.66
1606780800,585.26
1606867200,596.89
1606953600,615.85
1607040000,567.24
1607126400,596.8
1607212800,601.54
1607299200,591.28
1607385600,554.94
1607472000,573.09
1607558400,558.99
1607644800,544.43
1607731200,568.04
1607817600,590.7
1607904000,586.29
1607990400,588.64
1608076800,637.18
1608163200,642.7
1608249600,653.85
1608336000,658.03
1608422400,638.18
1608508800,607.58
1608595200,636.45
1608681600,585.56
1608768000,612.31
1608854400,626.82
1608940800,637.44
1609027200,685.11
1609113600,730.41
1609200000,732.0
1609286400,752.17
1609372800,736.42
1609459200,728.91
1609545600,774.56
1609632000,978.28
1609718400,1041.43
1609804800,1099.56
1609891200,1208.42
1609977600,1224.87
1610064000,1216.93
1610150400,1276.0
1610236800,1254.25
1610323200,1087.01
1610409600,1050.16
1610496000,1129.89
1610582400,1231.62
1610668800,1168.53
1610755200,1227.83
1610841600,1232.45
1610928000,1258.45
1611014400,1365.36
1611100800,1376.99
1611187200,1110.96
1611273600,1232.62
1611360000,1233.6
1611446400,1392.51
1611532800,1317.88
1611619200,1365.97
1611705600,1239.03
1611792000,1329.69
1611878400,1379.5
1611964800,1378.05
1612051200,1312.55
1612137600,1374.17
1612224000,1511.87
1612310400,1664.49
1612396800,1595.67
1612483200,1719.19
1612569600,1676.35
1612656000,1611.62
1612742400,1750.15
1612828800,1769.13
1612915200,1740.78
1613001600,1785.62
1613088000,1840.26
1613174400,1814.96
1613260800,1800.42
1613347200,1779.25
1613433600,1781.99
1613520000,1849.88
1613606400,1939.61
1613692800,1955.0
1613779200,1913.0
1613865600,1933.53
1613952000,1777.58
1614038400,1577.89
1614124800,1623.39
1614211200,1481.75
1614297600,1444.59
1614384000,1458.13
1614470400,1419.18
1614556800,1569.86
1614643200,1486.78
1614729600,1567.69
1614816000,1539.23
1614902400,1528.31
1614988800,1650.35
1615075200,1726.16
1615161600,1833.18
1615248000,1870.51
1615334400,1795.12
1615420800,1825.78
1615507200,1766.1
1615593600,1922.35
1615680000,1848.1
1615766400,1793.48
1615852800,1805.12
1615939200,1823.58
1616025600,1776.08
1616112000,1809.1
1616198400,1806.1
1616284800,1782.98
1616371200,1680.97
1616457600,1668.08
1616544000,1581.84
1616630400,1585.74
1616716800,1698.84
1616803200,1712.63
1616889600,1687.01
1616976000,1816.74
1617062400,1840.46
1617148800,1919.37
1617235200,1968.05
1617321600,2133.69
1617408000,2008.52
1617494400,2075.69
1617580800,2107.38
1617667200,2112.21
1617753600,1963.47
1617840000,2080.46
1617926400,2066.87
1618012800,2133.49
1618099200,2151.36
1618185600,2137.69
1618272000,2299.19
1618358400,2432.6
1618444800,2514.04
1618531200,2422.67
1618617600,2317.6
1618704000,2235.64
1618790400,2161.12
1618876800,2330.03
1618963200,2357.06
1619049600,2397.94
1619136000,2367.39
1619222400,2213.35
1619308800,2320.49
1619395200,2532.6
1619481600,2666.13
1619568000,2748.24
1619654400,2757.04
1619740800,2772.42
1619827200,2944.77
1619913600,2949.56
1620000000,3431.04
1620086400,3239.01
1620172800,3524.26
1620259200,3489.73
1620345600,3479.53
1620432000,3910.26
1620518400,3923.95
1620604800,3945.88
1620691200,4173.45
1620777600,3823.21
1620864000,3717.91
1620950400,4075.01
1621036800,3646.68
1621123200,3582.1
1621209600,3282.51
1621296000,3375.07
1621382400,2438.92
1621468800,2768.62
1621555200,2430.98
1621641600,2294.87
1621728000,2096.39
1621814400,2648.43
1621900800,2705.11
1621987200,2884.94
1622073600,2742.23
1622160000,2412.1
1622246400,2278.74
1622332800,2385.98
1622419200,2706.15
1622505600,2634.57
1622592000,2706.22
1622678400,2857.25
1622764800,2689.51
1622851200,2627.73
1622937600,2711.92
1623024000,2592.05
1623110400,2507.23
1623196800,2610.18
1623283200,2471.09
1623369600,2354.01
1623456000,2370.74
1623542400,2509.33
1623628800,2580.77
1623715200,2543.54
1623801600,2367.89
1623888000,2373.28
1623974400,2234.09
1624060800,2164.67
1624147200,2243.47
1624233600,1885.49
1624320000,1879.28
1624406400,1968.14
1624492800,1989.52
1624579200,1808.82
1624665600,1829.64
1624752000,1982.28
1624838400,2084.41
1624924800,2165.33
1625011200,2275.68
1625097600,2106.41
1625184000,2154.13
1625270400,2226.99
1625356800,2322.69
1625443200,2196.53
1625529600,2322.5
1625616000,2316.57
1625702400,2116.33
1625788800,2146.99
1625875200,2110.69
1625961600,2140.45
1626048000,2031.58
1626134400,1940.15
1626220800,1994.58
1626307200,1919.51
1626393600,1876.26
1626480000,1899.59
1626566400,1891.64
1626652800,1818.73
1626739200,1786.03
1626825600,1995.5
1626912000,2024.56
1626998400,2124.25
1627084800,2184.75
1627171200,2189.79
1627257600,2228.08
1627344000,2299.49
1627430400,2300.9
1627516800,2382.92
1627603200,2461.81
1627689600,2531.05
1627776000,2555.69
1627862400,2606.93
1627948800,2509.04
1628035200,2724.78
1628121600,2826.99
1628208000,2891.58
1628294400,3160.31
1628380800,3011.85
1628467200,3160.52
1628553600,3141.66
1628640000,3160.5
1628726400,3045.96
1628812800,3322.32
1628899200,3263.16
1628985600,3307.09
1629072000,3146.53
1629158400,3011.72
1629244800,3014.55
1629331200,3184.12
1629417600,3284.82
1629504000,3223.43
1629590400,3238.0
1629676800,3321.28
1629763200,3170.62
1629849600,3226.87
1629936000,3093.2
1630022400,3273.45
1630108800,3244.48
1630195200,3223.47
1630281600,3229.64
1630368000,3429.2
1630454400,3826.82
1630540800,3785.82
1630627200,3938.11
1630713600,3885.52
1630800000,3950.29
1630886400,3926.77
1630972800,3434.57
1631059200,3499.0
1631145600,3424.93
1631232000,3208.86
1631318400,3267.21
1631404800,3404.21
1631491200,3285.35
1631577600,3434.37
1631664000,3613.55
1631750400,3567.98
1631836800,3399.81
1631923200,3435.64
1632009600,3328.62
1632096000,2977.28
1632182400,2765.9
1632268800,3076.92
1632355200,3152.5
1632441600,2928.53
1632528000,2921.73
1632614400,3059.37
1632700800,2925.59
1632787200,2804.91
1632873600,2850.45
1632960000,3000.61
1633046400,3309.91
1633132800,3387.76
1633219200,3417.73
1633305600,3386.31
1633392000,3515.27
1633478400,3574.89
1633564800,3587.47
1633651200,3563.13
1633737600,3574.82
1633824000,3414.22
1633910400,3542.12
1633996800,3491.46
1634083200,3607.42
1634169600,3790.82
1634256000,3868.99
1634342400,3829.96
1634428800,3846.85
1634515200,3744.96
1634601600,3877.03
1634688000,4161.15
1634774400,4052.99
1634860800,3972.2
1634947200,4167.12
1635033600,4082.33
1635120000,4220.37
1635206400,4131.52
1635292800,3922.0
1635379200,4286.02
1635465600,4418.89
1635552000,4322.68
1635638400,4287.21
1635724800,4319.43
1635811200,4589.89
1635897600,4603.35
1635984000,4532.32
1636070400,4474.24
1636156800,4518.0
1636243200,4612.59
1636329600,4807.98
1636416000,4732.33
1636502400,4628.78
1636588800,4719.0
1636675200,4665.46
1636761600,4644.28
1636848000,4626.5
1636934400,4563.78
1637020800,4209.76
1637107200,4287.8
1637193600,3996.9
1637280000,4294.76
1637366400,4412.17
1637452800,4258.31
1637539200,4085.97
1637625600,4339.44
1637712000,4269.36
1637798400,4524.85
1637884800,4041.2
1637971200,4095.29
1638057600,4294.78
1638144000,4444.53
1638230400,4630.26
1638316800,4582.95
1638403200,4511.21
1638489600,4215.73
1638576000,4117.25
1638662400,4196.44
1638748800,4347.59
1638835200,4306.4
1638921600,4436.91
1639008000,4105.64
1639094400,3897.94
1639180800,4089.37
1639267200,4130.0
1639353600,3781.93
1639440000,3858.99
1639526400,4019.08
1639612800,3958.11
1639699200,3875.42
1639785600,3959.93
1639872000,3924.14
1639958400,3944.73
1640044800,4014.15
1640131200,3979.51
1640217600,4111.41
1640304000,4046.36
1640390400,4094.83
1640476800,4063.56
1640563200,4037.23
1640649600,3792.75
1640736000,3630.19
1640822400,3709.27
1640908800,3676.23
1640995200,3765.54
1641081600,3828.27
1641168000,3765.89
1641254400,3785.11
1641340800,3540.63
1641427200,3406.81
1641513600,3199.24
1641600000,3080.95
1641686400,3151.97
1641772800,3082.68
1641859200,3239.72
1641945600,3371.26
1642032000,3240.61
1642118400,3307.42
1642204800,3326.04
1642291200,3346.88
1642377600,3209.67
1642464000,3159.85
1642550400,3084.02
1642636800,3001.48
1642723200,2568.15
1642809600,2412.18
1642896000,2539.01
1642982400,2439.29
1643068800,2458.83
1643155200,2462.99
1643241600,2424.25
1643328000,2544.99
1643414400,2601.43
1643500800,2601.68
1643587200,2686.94
1643673600,2787.23
1643760000,2680.67
1643846400,2695.46
1643932800,2994.99
1644019200,3012.65
1644105600,3054.99
1644192000,3139.77
1644278400,3116.69
1644364800,3243.94
1644451200,3072.49
1644537600,2927.54
1644624000,2918.88
1644710400,2871.13
1644796800,2929.75
1644883200,3183.52
1644969600,3122.3
1645056000,2891.87
1645142400,2779.48
1645228800,2763.63
1645315200,2621.99
1645401600,2568.02
1645488000,2636.29
1645574400,2579.71
1645660800,2596.2
1645747200,2768.49
1645833600,2779.47
1645920000,2616.79
1646006400,2920.95
1646092800,2976.33
1646179200,2947.3
1646265600,2833.99
1646352000,2622.1
1646438400,2665.15
1646524800,2551.29
1646611200,2491.12
1646697600,2575.97
1646784000,2726.98
1646870400,2606.7
1646956800,2556.86
1647043200,2568.8
1647129600,2515.65
1647216000,2589.41
1647302400,2617.73
1647388800,2773.81
1647475200,2811.92
1647561600,2938.92
1647648000,2950.84
1647734400,2861.38
1647820800,2890.03
1647907200,2969.64
1647993600,3036.0
1648080000,3110.76
1648166400,3102.14
1648252800,3145.0
1648339200,3295.65
1648425600,3332.92
1648512000,3400.51
1648598400,3385.79
1648684800,3281.51
1648771200,3455.21
1648857600,3443.77
1648944000,3521.91
1649030400,3519.5
1649116800,3406.99
1649203200,3168.51
1649289600,3227.19
1649376000,3192.39
1649462400,3258.57
1649548800,3203.04
1649635200,2979.74
1649721600,3027.66
1649808000,3118.28
1649894400,3021.98
1649980800,3040.56
1650067200,3059.3
1650153600,2988.06
1650240000,3055.56
1650326400,3101.77
1650412800,3076.04
1650499200,2983.58
1650585600,2962.39
1650672000,2933.03
1650758400,2921.0
1650844800,3006.62
1650931200,2809.67
1651017600,2888.96
1651104000,2936.93
1651190400,2817.13
1651276800,2726.66
1651363200,2824.81
1651449600,2856.54
1651536000,2781.7
1651622400,2940.64
1651708800,2747.97
1651795200,2692.85
1651881600,2635.34
1651968000,2519.71
1652054400,2228.55
1652140800,2342.05
1652227200,2084.99
1652313600,1960.22
1652400000,2009.69
1652486400,2056.48
1652572800,2145.29
1652659200,2023.66
1652745600,2090.72
1652832000,1915.11
1652918400,2019.55
1653004800,1959.08
1653091200,1975.07
1653177600,2043.19
1653264000,1973.32
1653350400,1979.41
1653436800,1942.63
1653523200,1792.23
1653609600,1727.27
1653696000,1792.22
1653782400,1813.64
1653868800,1998.78
1653955200,1941.9
1654041600,1817.95
1654128000,1834.08
1654214400,1775.12
1654300800,1804.58
1654387200,1806.23
1654473600,1859.84
1654560000,1813.33
1654646400,1791.88
1654732800,1788.81
1654819200,1662.91
1654905600,1532.89
1654992000,1434.84
1655078400,1209.82
1655164800,1208.9
1655251200,1237.52
1655337600,1068.5
1655424000,1086.94
1655510400,995.13
1655596800,1128.53
1655683200,1128.24
1655769600,1125.85
1655856000,1050.19
1655942400,1144.72
1656028800,1225.02
1656115200,1242.36
1656201600,1197.79
1656288000,1192.51
1656374400,1144.05
1656460800,1100.21
1656547200,1071.01
1656633600,1059.73
1656720000,1067.01
1656806400,1074.26
1656892800,1151.0
1656979200,1132.5
1657065600,1186.57
1657152000,1237.49
1657238400,1214.04
1657324800,1217.02
1657411200,1168.36
1657497600,1096.4
1657584000,1038.58
1657670400,1115.0
1657756800,1193.42
1657843200,1231.25
1657929600,1355.85
1658016000,1338.65
1658102400,1581.04
1658188800,1542.32
1658275200,1521.58
1658361600,1575.45
1658448000,1535.27
1658534400,1548.67
1658620800,1597.7
1658707200,1440.79
1658793600,1449.12
1658880000,1635.74
1658966400,1724.52
1659052800,1721.68
1659139200,1697.0
1659225600,1678.12
1659312000,1630.28
1659398400,1630.91
1659484800,1618.16
1659571200,1607.96
1659657600,1736.81
1659744000,1690.6
1659830400,1700.19
1659916800,1777.05
1660003200,1702.76
1660089600,1853.57
1660176000,1880.19
1660262400,1958.28
1660348800,1983.55
1660435200,1935.31
1660521600,1899.06
1660608000,1876.67
1660694400,1834.25
1660780800,1846.39
1660867200,1609.01
1660953600,1576.04
1661040000,1618.13
1661126400,1624.66
1661212800,1665.41
1661299200,1656.56
1661385600,1695.11
1661472000,1508.18
1661558400,1491.06
1661644800,1426.76
1661731200,1551.8
1661817600,1524.59
1661904000,1554.1
1661990400,1586.16
1662076800,1575.35
1662163200,1557.46
1662249600,1579.28
1662336000,1617.8
1662422400,1559.01
1662508800,1630.0
1662595200,1635.37
1662681600,1718.23
1662768000,1774.12
1662854400,1766.11
1662940800,1716.37
1663027200,1574.4
1663113600,1638.39
1663200000,1472.75
1663286400,1433.9
1663372800,1468.83
1663459200,1334.51
1663545600,1375.98
1663632000,1322.93
1663718400,1245.78
1663804800,1326.46
1663891200,1327.25
1663977600,1317.13
1664064000,1294.63
1664150400,1336.17
1664236800,1328.02
1664323200,1337.2
1664409600,1335.7
1664496000,1328.72
1664582400,1311.79
1664668800,1276.72
1664755200,1323.09
1664841600,1361.49
1664928000,1352.2
1665014400,1352.06
1665100800,1331.1
1665187200,1315.48
1665273600,1323.13
1665360000,1290.03
1665446400,1280.11
1665532800,1294.44
1665619200,1287.08
1665705600,1296.27
1665792000,1274.92
1665878400,1305.95
1665964800,1331.4
1666051200,1310.71
1666137600,1285.09
1666224000,1282.57
1666310400,1299.75
1666396800,1313.61
1666483200,1364.2
1666569600,1343.61
1666656000,1459.74
1666742400,1566.1
1666828800,1514.05
1666915200,1554.41
1667001600,1619.55
1667088000,1590.44
1667174400,1572.69
1667260800,1578.48
1667347200,1518.34
1667433600,1531.01
1667520000,1644.78
1667606400,1626.98
1667692800,1568.29
1667779200,1568.1
1667865600,1334.77
1667952000,1102.73
1668038400,1299.28
1668124800,1289.28
1668211200,1257.25
1668297600,1221.49
1668384000,1243.28
1668470400,1253.23
1668556800,1216.17
1668643200,1200.43
1668729600,1212.58
1668816000,1217.67
1668902400,1142.21
1668988800,1107.34
1669075200,1139.6
1669161600,1184.52
1669248000,1203.73
1669334400,1199.3
1669420800,1205.6
1669507200,1193.88
1669593600,1167.77
1669680000,1216.49
1669766400,1294.46
1669852800,1276.41
1669939200,1295.59
1670025600,1240.51
1670112000,1279.41
1670198400,1259.41
1670284800,1271.32
1670371200,1231.18
1670457600,1280.18
1670544000,1263.1
1670630400,1266.35
1670716800,1263.01
1670803200,1275.4
1670889600,1320.69
1670976000,1307.44
1671062400,1266.54
1671148800,1166.83
1671235200,1187.16
1671321600,1183.06
1671408000,1167.82
1671494400,1216.94
1671580800,1213.78
1671667200,1217.71
1671753600,1219.99
1671840000,1220.41
1671926400,1218.51
1672012800,1228.11
1672099200,1211.55
1672185600,1190.15
1672272000,1200.49
1672358400,1199.99
1672444800,1196.13
1672531200,1200.34
1672617600,1214.0
1672704000,1214.55
1672790400,1256.9
1672876800,1251.24
1672963200,1269.14
1673049600,1264.07
1673136000,1290.16
1673222400,1320.39
1673308800,1335.62
1673395200,1389.39
1673481600,1415.92
1673568000,1451.2
1673654400,1549.9
1673740800,1552.52
1673827200,1576.94
1673913600,1565.57
1674000000,1511.43
1674086400,1551.09
1674172800,1658.52
1674259200,1626.66
1674345600,1627.44
1674432000,1626.29
1674518400,1555.97
1674604800,1611.94
1674691200,1601.09
1674777600,1597.62
1674864000,1572.1
1674950400,1644.72
1675036800,1566.2
1675123200,1585.33
1675209600,1641.68
1675296000,1643.12
1675382400,1663.52
1675468800,1666.38
1675555200,1629.02
1675641600,1614.29
1675728000,1671.03
1675814400,1650.43
1675900800,1545.35
1675987200,1513.06
1676073600,1538.51
1676160000,1514.83
1676246400,1505.24
1676332800,1555.71
1676419200,1674.92
1676505600,1637.84
1676592000,1693.87
1676678400,1691.62
1676764800,1679.75
1676851200,1703.27
1676937600,1659.76
1677024000,1643.14
1677110400,1650.53
1677196800,1607.8
1677283200,1594.58
1677369600,1641.36
1677456000,1633.45
1677542400,1605.23
1677628800,1665.22
1677715200,1647.86
1677801600,1569.45
1677888000,1566.73
1677974400,1564.58
1678060800,1565.84
1678147200,1561.96
1678233600,1532.38
1678320000,1437.32
1678406400,1426.44
1678492800,1471.97
1678579200,1580.33
1678665600,1673.45
1678752000,1699.4
1678838400,1649.96
1678924800,1673.73
1679011200,1789.27
1679097600,1758.84
1679184000,1780.68
1679270400,1732.78
1679356800,1801.23
1679443200,1734.33
1679529600,1813.79
1679616000,1749.57
1679702400,1741.88
1679788800,1773.88
1679875200,1715.22
1679961600,1772.99
1680048000,1793.07
1680134400,1793.61
1680220800,1821.52
1680307200,1820.79
1680393600,1794.51
1680480000,1810.51
1680566400,1870.37
1680652800,1908.69
1680739200,1872.41
1680825600,1863.72
1680912000,1848.82
1680998400,1858.92
1681084800,1910.2
1681171200,1889.86
1681257600,1917.39
1681344000,2012.01
1681430400,2099.99
1681516800,2090.6
1681603200,2118.67
1681689600,2074.0
1681776000,2103.5
1681862400,1933.73
1681948800,1942.98
1682035200,1848.78
1682121600,1874.16
1682208000,1862.0
1682294400,1841.84
1682380800,1866.1
1682467200,1866.01
1682553600,1908.68
1682640000,1890.94
1682726400,1907.8
1682812800,1870.09
1682899200,1830.73
1682985600,1870.08
1683072000,1905.12
1683158400,1877.07
1683244800,1993.3
1683331200,1896.33
1683417600,1870.4
1683504000,1847.56
1683590400,1846.52
1683676800,1840.84
1683763200,1794.3
1683849600,1807.45
1683936000,1795.11
1684022400,1799.21
1684108800,1816.2
1684195200,1824.21
1684281600,1822.12
1684368000,1800.56
1684454400,1812.32
1684540800,1819.42
1684627200,1804.91
1684713600,1817.35
1684800000,1854.05
1684886400,1799.89
1684972800,1805.6
1685059200,1827.79
1685145600,1829.89
1685232000,1908.64
1685318400,1892.6
1685404800,1900.59
1685491200,1873.63
1685577600,1861.78
1685664000,1906.68
1685750400,1892.06
1685836800,1890.01
1685923200,1810.5
1686009600,1884.64
1686096000,1832.13
1686182400,1845.64
1686268800,1840.37
1686355200,1751.53
1686441600,1752.76
1686528000,1742.57
1686614400,1740.12
1686700800,1650.95
1686787200,1666.96
1686873600,1717.92
1686960000,1727.76
1687046400,1720.95
1687132800,1737.11
1687219200,1791.99
1687305600,1889.11
1687392000,1872.01
1687478400,1892.63
1687564800,1874.96
1687651200,1898.8
1687737600,1858.97
1687824000,1889.58
1687910400,1828.02
1687996800,1851.99
1688083200,1933.79
1688169600,1924.5
1688256000,1937.48
1688342400,1955.54
1688428800,1936.2
1688515200,1910.36
1688601600,1846.17
1688688000,1870.91
1688774400,1865.24
1688860800,1862.8
1688947200,1880.4
1689033600,1878.3
1689120000,1871.82
1689206400,2004.49
1689292800,1937.83
1689379200,1931.41
1689465600,1922.11
1689552000,1911.2
1689638400,1897.21
1689724800,1888.63
1689811200,1891.59
1689897600,1891.73
1689984000,1866.52
1690070400,1888.73
1690156800,1850.0
1690243200,1857.66
1690329600,1872.0
1690416000,1861.28
1690502400,1874.19
1690588800,1880.46
1690675200,1861.79
1690761600,1856.14
1690848000,1873.47
1690934400,1839.9
1691020800,1835.81
1691107200,1830.23
1691193600,1836.48
1691280000,1830.28
1691366400,1829.1
1691452800,1856.3
1691539200,1855.35
1691625600,1852.47
1691712000,1848.84
1691798400,1849.93
1691884800,1840.73
1691971200,1845.5
1692057600,1828.98
1692144000,1807.81
1692230400,1681.49
1692316800,1661.59
1692403200,1669.67
1692489600,1685.24
1692576000,1667.55
1692662400,1634.99
1692748800,1679.61
1692835200,1661.16
1692921600,1653.8
1693008000,1647.04
1693094400,1658.33
1693180800,1653.08
1693267200,1729.42
1693353600,1705.23
1693440000,1645.76
1693526400,1629.12
1693612800,1637.03
1693699200,1635.84
1693785600,1630.51
1693872000,1634.45
1693958400,1633.15
1694044800,1648.11
1694131200,1636.44
1694217600,1635.54
1694304000,1617.42
1694390400,1551.85
1694476800,1592.97
1694563200,1607.62
1694649600,1626.47
1694736000,1641.29
1694822400,1634.4
1694908800,1622.48
1694995200,1636.66
1695081600,1643.12
1695168000,1622.26
1695254400,1583.94
1695340800,1593.08
1695427200,1593.86
1695513600,1580.71
1695600000,1588.33
1695686400,1594.01
1695772800,1598.64
1695859200,1652.99
1695945600,1667.45
1696032000,1670.89
1696118400,1733.79
1696204800,1662.4
1696291200,1656.88
1696377600,1646.58
1696464000,1611.79
1696550400,1645.03
1696636800,1633.57
1696723200,1632.84
1696809600,1580.13
1696896000,1567.63
1696982400,1566.87
1697068800,1539.61
1697155200,1552.16
1697241600,1554.94
1697328000,1557.77
1697414400,1599.42
1697500800,1565.01
1697587200,1563.44
1697673600,1566.57
1697760000,1603.89
1697846400,1628.94
1697932800,1663.7
1698019200,1765.46
1698105600,1784.98
1698192000,1787.15
1698278400,1803.38
1698364800,1779.4
1698451200,1776.2
1698537600,1795.14
1698624000,1809.04
1698710400,1814.67
1698796800,1846.99
1698883200,1800.8
1698969600,1832.71
1699056000,1855.54
1699142400,1891.71
1699228800,1900.95
1699315200,1885.27
1699401600,1888.12
1699488000,2121.32
1699574400,2077.72
1699660800,2053.17
1699747200,2044.68
1699833600,2053.65
1699920000,1979.39
1700006400,2058.48
1700092800,1961.77
1700179200,1960.82
1700265600,1962.6
1700352000,2011.47
1700438400,2021.4
1700524800,1933.01
1700611200,2063.21
1700697600,2062.2
1700784000,2080.84
1700870400,2083.09
1700956800,2062.33
1701043200,2027.5
1701129600,2048.14
1701216000,2028.81
1701302400,2051.96
1701388800,2087.24
1701475200,2164.74
1701561600,2192.95
1701648000,2243.37
1701734400,2293.33
1701820800,2232.7
1701907200,2355.73
1701993600,2358.72
1702080000,2340.49
1702166400,2352.39
1702252800,2225.12
1702339200,2203.46
1702425600,2260.16
1702512000,2315.32
1702598400,2220.5
1702684800,2228.96
1702771200,2196.52
1702857600,2219.43
1702944000,2177.91
1703030400,2202.17
1703116800,2239.61
1703203200,2324.54
1703289600,2308.2
1703376000,2264.05
1703462400,2271.35
1703548800,2230.88
1703635200,2378.35
1703721600,2344.15
1703808000,2299.2
1703894400,2291.68
1703980800,2281.87
1704067200,2352.04
1704153600,2355.34
1704240000,2209.72
1704326400,2267.11
1704412800,2268.78
1704499200,2240.78
1704585600,2221.42
1704672000,2330.44
1704758400,2344.29
1704844800,2584.38
1704931200,2618.01
1705017600,2522.54
1705104000,2578.19
1705190400,2472.87
1705276800,2511.78
1705363200,2587.4
1705449600,2530.19
1705536000,2470.81
1705622400,2492.0
1705708800,2472.01
1705795200,2457.05
1705881600,2314.2
1705968000,2242.6
1706054400,2235.02
1706140800,2218.64
1706227200,2267.68
1706313600,2267.94
1706400000,2256.9
1706486400,2317.6
1706572800,2343.01
1706659200,2283.14
1706745600,2304.28
1706832000,2309.06
1706918400,2296.49
1707004800,2289.79
1707091200,2301.83
1707177600,2372.64
1707264000,2425.1
1707350400,2419.55
1707436800,2486.56
1707523200,2500.24
1707609600,2507.21
1707696000,2659.99
1707782400,2639.99
1707868800,2774.81
1707955200,2822.59
1708041600,2801.8
1708128000,2785.93
1708214400,2881.2
1708300800,2944.8
1708387200,3014.81
1708473600,2967.9
1708560000,2971.4
1708646400,2922.24
1708732800,2992.62
1708819200,3112.59
1708905600,3175.94
1708992000,3242.36
1709078400,3383.1
1709164800,3340.09
1709251200,3433.43
1709337600,3421.4
1709424000,3487.81
1709510400,3627.76
1709596800,3553.65
1709683200,3818.59
1709769600,3868.76
1709856000,3883.36
1709942400,3905.21
1710028800,3878.47
1710115200,4064.8
1710201600,3979.96
1710288000,4004.79
1710374400,3881.7
1710460800,3742.19
1710547200,3523.09
1710633600,3644.71
1710720000,3520.46
1710806400,3158.64
1710892800,3516.53
1710979200,3492.85
1711065600,3336.35
1711152000,3329.53
1711238400,3454.98
1711324800,3590.42
1711411200,3587.33
1711497600,3501.19
1711584000,3560.49
1711670400,3509.74
1711756800,3505.64
1711843200,3645.29
1711929600,3503.8
1712016000,3278.96
1712102400,3310.83
1712188800,3327.4
1712275200,3317.85
1712361600,3351.59
1712448000,3454.2
1712534400,3694.61
1712620800,3506.39
1712707200,3545.64
1712793600,3502.52
1712880000,3237.43
1712966400,3007.01
1713052800,3155.11
1713139200,3101.99
1713225600,3084.22
1713312000,2985.41
1713398400,3064.4
1713484800,3056.46
1713571200,3155.79
1713657600,3147.67
1713744000,3200.2
1713830400,3219.46
1713916800,3140.8
1714003200,3155.8
1714089600,3131.3
1714176000,3255.56
1714262400,3263.45
1714348800,3216.73
1714435200,3014.05
1714521600,2972.46
1714608000,2986.19
1714694400,3102.61
1714780800,3117.23
1714867200,3136.41
1714953600,3062.6
1715040000,3005.69
1715126400,2974.21
1715212800,3036.23
1715299200,2909.99
1715385600,2912.45
1715472000,2929.29
1715558400,2950.99
1715644800,2881.93
1715731200,3032.55
1715817600,2944.7
1715904000,3092.01
1715990400,3122.94
1716076800,3071.19
1716163200,3661.78
1716249600,3789.6
1716336000,3737.73
1716422400,3783.61
1716508800,3728.28
1716595200,3749.26
1716681600,3826.47
1716768000,3894.22
1716854400,3844.69
1716940800,3767.43
1717027200,3747.91
1717113600,3762.29
1717200000,3815.82
1717286400,3780.91
1717372800,3767.06
1717459200,3810.23
1717545600,3865.99
1717632000,3813.46
1717718400,3678.32
1717804800,3681.57
1717891200,3706.4
1717977600,3667.85
1718064000,3497.33
1718150400,3560.12
1718236800,3469.4
1718323200,3481.8
1718409600,3568.74
1718496000,3624.41
1718582400,3511.46
1718668800,3483.42
1718755200,3560.51
1718841600,3513.08
1718928000,3518.5
1719014400,3495.75
1719100800,3420.91
1719187200,3352.73
1719273600,3394.91
1719360000,3371.44
1719446400,3450.44
1719532800,3380.15
1719619200,3378.8
1719705600,3438.16
1719792000,3442.2
1719878400,3421.35
1719964800,3295.48
1720051200,3059.7
1720137600,2981.78
1720224000,3066.83
1720310400,2931.0
1720396800,3019.01
1720483200,3066.65
1720569600,3101.05
1720656000,3099.57
1720742400,3133.88
1720828800,3175.93
1720915200,3245.08
1721001600,3483.39
1721088000,3444.13
1721174400,3387.05
1721260800,3426.5
1721347200,3503.53
1721433600,3517.5
1721520000,3535.92
1721606400,3439.6
1721692800,3482.51
1721779200,3335.81
1721865600,3175.48
1721952000,3274.61
1722038400,3249.01
1722124800,3270.16
1722211200,3317.66
1722297600,3279.21
1722384000,3232.74
1722470400,3203.4
1722556800,2989.61
1722643200,2903.64
1722729600,2688.92
1722816000,2419.59
1722902400,2461.33
1722988800,2342.8
1723075200,2682.5
1723161600,2598.78
1723248000,2609.92
1723334400,2555.38
1723420800,2722.3
1723507200,2702.44
1723593600,2661.45
1723680000,2569.89
1723766400,2592.73
1723852800,2614.51
1723939200,2612.15
1724025600,2636.36
1724112000,2572.82
1724198400,2630.71
1724284800,2622.88
1724371200,2762.48
1724457600,2768.0
1724544000,2746.13
1724630400,2680.49
1724716800,2457.33
1724803200,2528.33
1724889600,2527.61
1724976000,2526.0
1725062400,2513.01
1725148800,2425.72
1725235200,2538.01
1725321600,2425.29
1725408000,2450.71
1725494400,2368.81
1725580800,2225.23
1725667200,2273.58
1725753600,2297.3
1725840000,2359.5
1725926400,2388.52
1726012800,2340.55
1726099200,2361.76
1726185600,2439.19
1726272000,2417.79
1726358400,2316.1
1726444800,2295.68
1726531200,2341.8
1726617600,2374.75
1726704000,2465.21
1726790400,2561.4
1726876800,2612.4
1726963200,2581.0
1727049600,2646.97
1727136000,2653.2
1727222400,2579.95
1727308800,2632.26
1727395200,2694.43
1727481600,2675.21
1727568000,2657.62
1727654400,2602.23
1727740800,2447.79
1727827200,2364.1
1727913600,2349.8
1728000000,2414.41
1728086400,2414.66
1728172800,2440.03
1728259200,2422.71
1728345600,2440.89
1728432000,2370.47
1728518400,2386.49
1728604800,2439.5
1728691200,2476.4
1728777600,2468.91
1728864000,2629.79
1728950400,2607.41
1729036800,2611.1
1729123200,2605.8
1729209600,2642.17
1729296000,2648.2
1729382400,2746.91
1729468800,2666.7
1729555200,2622.81
1729641600,2524.61
1729728000,2535.82
1729814400,2440.62
1729900800,2482.51
1729987200,2507.8
1730073600,2567.48
1730160000,2638.8
1730246400,2659.19
1730332800,2518.61
1730419200,2511.49
1730505600,2494.23
1730592000,2457.73
1730678400,2398.21
1730764800,2422.55
1730851200,2721.87
1730937600,2895.47
1731024000,2961.75
1731110400,3126.21
1731196800,3183.21
1731283200,3371.59
1731369600,3243.8
1731456000,3187.16
1731542400,3058.82
1731628800,3090.01
1731715200,3132.87
1731801600,3076.0
1731888000,3207.8
1731974400,3107.44
1732060800,3069.97
1732147200,3355.81
1732233600,3327.78
1732320000,3393.91
1732406400,3361.2
1732492800,3414.49
1732579200,3324.73
1732665600,3653.28
1732752000,3578.79
1732838400,3592.21
1732924800,3703.6
1733011200,3707.61
1733097600,3643.42
1733184000,3614.51
1733270400,3837.8
1733356800,3785.2
1733443200,3998.87
1733529600,3996.22
1733616000,4004.15
1733702400,3712.0
1733788800,3628.25
1733875200,3831.81
1733961600,3881.61
1734048000,3906.8
1734134400,3870.29
1734220800,3959.09
1734307200,3986.24
1734393600,3893.01
1734480000,3626.8
1734566400,3417.01
1734652800,3472.21
1734739200,3338.92
1734825600,3281.83
1734912000,3422.53
1734998400,3493.18
1735084800,3497.0
1735171200,3335.05
1735257600,3333.51
1735344000,3404.0
1735430400,3356.48
1735516800,3361.84
1735603200,3337.78
1735689600,3360.38
1735776000,3455.67
1735862400,3609.01
1735948800,3656.88
1736035200,3635.99
1736121600,3687.45
1736208000,3381.31
1736294400,3327.29
1736380800,3219.2
1736467200,3267.04
1736553600,3282.83
1736640000,3267.3
1736726400,3137.51
1736812800,3225.63
1736899200,3451.52
1736985600,3308.05
1737072000,3473.63
1737158400,3307.71
1737244800,3215.12
1737331200,3284.0
1737417600,3327.54
1737504000,3242.6
1737590400,3338.21
1737676800,3310.09
1737763200,3318.77
1737849600,3232.61
1737936000,3182.44
1738022400,3077.72
1738108800,3113.9
1738195200,3247.39
1738281600,3300.99
1738368000,3117.54
1738454400,2869.68
1738540800,2879.9
1738627200,2731.19
1738713600,2788.25
1738800000,2686.64
1738886400,2622.1
1738972800,2632.46
1739059200,2627.18
1739145600,2661.19
1739232000,2602.59
1739318400,2738.27
1739404800,2675.87
1739491200,2725.95
1739577600,2693.04
1739664000,2661.41
1739750400,2744.05
1739836800,2671.99
1739923200,2715.5
1740009600,2738.04
1740096000,2663.0
1740182400,2763.22
1740268800,2819.69
1740355200,2513.52
1740441600,2495.7
1740528000,2336.37
1740614400,2307.72
1740700800,2237.59
1740787200,2217.39
1740873600,2518.11
1740960000,2149.01
1741046400,2171.51
1741132800,2241.59
1741219200,2202.2
1741305600,2141.6
1741392000,2203.58
1741478400,2020.41
1741564800,1865.1
1741651200,1923.43
1741737600,1908.2
1741824000,1864.59
1741910400,1911.65
1741996800,1937.17
1742083200,1887.0
1742169600,1926.31
1742256000,1931.54
1742342400,2056.06
1742428800,1983.79
1742515200,1965.75
1742601600,1980.69
1742688000,2005.99
1742774400,2081.2
1742860800,2066.15
1742947200,2009.52
1743033600,2003.66
1743120000,1896.9
1743206400,1828.08
1743292800,1807.74
1743379200,1822.43
1743465600,1904.98
1743552000,1795.22
1743638400,1817.23
1743724800,1816.87
1743811200,1806.01
1743897600,1580.76
1743984000,1553.04
1744070400,1473.41
1744156800,1669.51
1744243200,1522.25
1744329600,1566.85
1744416000,1644.18
1744502400,1597.76
1744588800,1623.77
1744675200,1588.78
1744761600,1577.14
1744848000,1583.62
1744934400,1588.6
1745020800,1613.27
1745107200,1587.36
1745193600,1579.57
1745280000,1756.26
1745366400,1795.07
1745452800,1769.65
1745539200,1784.6
1745625600,1820.88
1745712000,1791.29
1745798400,1799.88
1745884800,1797.81
1745971200,1793.61
1746057600,1838.11
1746144000,1842.2
1746230400,1833.52
1746316800,1808.86
1746403200,1820.19
1746489600,1817.0
1746576000,1811.11
1746662400,2207.39
1746748800,2345.04
1746835200,2583.23
1746921600,2514.57
1747008000,2495.47
1747094400,2679.71
1747180800,2609.74
1747267200,2548.69
1747353600,2537.12
1747440000,2475.08
1747526400,2497.78
1747612800,2528.14
1747699200,2524.19
1747785600,2550.99
1747872000,2664.82
1747958400,2526.5
1748044800,2530.4
1748131200,2551.22
1748217600,2563.7
1748304000,2660.81
1748390400,2681.6
1748476800,2631.39
1748563200,2531.34
1748649600,2528.06
1748736000,2539.21
1748822400,2607.41
1748908800,2593.36
1748995200,2607.68
1749081600,2414.01
1749168000,2476.1
1749254400,2524.63
1749340800,2509.83
1749427200,2680.13
1749513600,2816.4
1749600000,2771.61
1749686400,2642.65
1749772800,2579.19
1749859200,2530.76
1749945600,2547.61
1750032000,2544.17
1750118400,2509.95
1750204800,2525.0
1750291200,2521.12
1750377600,2406.49
1750464000,2295.73
1750550400,2227.7
1750636800,2411.66
1750723200,2448.45
1750809600,2418.49
1750896000,2415.96
1750982400,2423.17
1751068800,2435.62
1751155200,2500.09
1751241600,2485.47
1751328000,2405.01
1751414400,2570.41
1751500800,2591.25
1751587200,2508.04
1751673600,2516.41
1751760000,2570.35
1751846400,2542.29
1751932800,2615.25
1752019200,2768.74
1752105600,2951.29
1752192000,2958.22
1752278400,2943.28
1752364800,2972.03
1752451200,3013.62
1752537600,3137.89
1752624000,3371.35
1752710400,3476.87
1752796800,3546.92
1752883200,3592.01
1752969600,3756.69
1753056000,3762.33
1753142400,3746.21
1753228800,3628.29
1753315200,3706.94
1753401600,3724.96
1753488000,3741.1
1753574400,3872.1
1753660800,3799.0
1753747200,3793.79
1753833600,3810.0
1753920000,3698.39
1754006400,3488.2
1754092800,3393.94
1754179200,3496.74
1754265600,3720.99
1754352000,3612.0
1754438400,3683.31
1754524800,3910.31
1754611200,4009.5
1754697600,4260.62
1754784000,4250.57
1754870400,4223.22
1754956800,4590.52
1755043200,4749.3
1755129600,4546.84
1755216000,4439.47
1755302400,4421.99
1755388800,4472.33
1755475200,4312.99
1755561600,4075.59
1755648000,4336.16
1755734400,4225.3
1755820800,4832.07
1755907200,4778.4
1755993600,4780.15
1756080000,4376.18
1756166400,4600.63
1756252800,4506.71
1756339200,4511.21
1756425600,4360.18
1756512000,4373.7
1756598400,4391.83
1756684800,4314.5
1756771200,4326.5
1756857600,4450.46
1756944000,4297.55
1757030400,4307.45
1757116800,4273.14
1757203200,4306.19
1757289600,4306.37
1757376000,4310.09
1757462400,4349.32
1757548800,4458.82
1757635200,4712.16
1757721600,4666.53
1757808000,4604.49
1757894400,4523.74
1757980800,4501.29
1758067200,4590.53
1758153600,4587.66
1758240000,4468.59
1758326400,4480.42
1758412800,4444.97
1758499200,4199.08
1758585600,4164.26
1758672000,4152.81
1758758400,3874.36
1758844800,4032.24
1758931200,4018.38
1759017600,4142.16
1759104000,4215.07
1759190400,4145.15
1759276800,4348.03
1759363200,4484.35
1759449600,4512.87
1759536000,4487.15
1759622400,4514.32
1759708800,4684.01
1759795200,4447.7
1759881600,4525.72
1759968000,4368.09
1760054400,3829.72
1760140800,3746.79
1760227200,4152.29
1760313600,4240.85
1760400000,4125.02
1760486400,3985.61
1760572800,3894.51
1760659200,3831.57
1760745600,3889.21
1760832000,3982.58
1760918400,3979.22
1761004800,3873.05
1761091200,3805.53
1761177600,3856.8
1761264000,3934.88
1761350400,3953.82
1761436800,4158.46
1761523200,4120.15
1761609600,3979.2
1761696000,3902.99
1761782400,3805.09
1761868800,3847.99
1761955200,3873.77
1762041600,3906.58
1762128000,3603.83
1762214400,3287.05
1762300800,3424.29
1762387200,3315.14
1762473600,3436.05
1762560000,3401.51
1762646400,3583.46
